z_m,sigma_Ohm_cm_inv,N_cm3
1.8691588785046903e-11,74.5109315015282,2.53164556962026e+18
3.5285524319667544e-11,170.19591875600298,9.545888584636027e+18
5.1879459854288185e-11,241.06100502417996,1.6478464324631634e+19
6.847339538890883e-11,311.7322917083315,2.3305289701417763e+19
8.506733092352947e-11,378.53200484620925,3.0002281626805084e+19
1.0166126645815011e-10,440.41906579910534,3.6545357012604273e+19
1.1825520199277075e-10,497.21085454645026,4.291043277062601e+19
1.348491375273914e-10,549.9553367341213,4.907342581268098e+19
1.5144307306201203e-10,599.6650365257073,5.501025305057984e+19
1.6803700859663266e-10,647.0641432334725,6.0696831396133265e+19
1.846309441312533e-10,692.1188950872836,6.610907776115196e+19
2.0122487966587397e-10,734.5259907804976,7.12229090574466e+19
2.178188152004946e-10,774.0205067943335,7.601424219682785e+19
2.344127507351152e-10,810.3758711655948,8.045899409110637e+19
2.5100668626973585e-10,843.4009572634992,8.453308165209285e+19
2.6760062180435653e-10,872.9338785046149,8.821242179159799e+19
2.8419455733897716e-10,898.8296371035264,9.147293142143241e+19
3.007884928735978e-10,920.9671276807136,9.429052745340686e+19
3.173824284082184e-10,939.2451494868523,9.664112679933197e+19
3.339763639428391e-10,953.5713388654359,9.85006463710184e+19
3.505702994774597e-10,963.9040889106922,9.98520115497542e+19
3.6716423501208035e-10,970.5214344529846,1.007222313438337e+20
3.8375817054670103e-10,973.8044978875452,1.011554128922849e+20
4.0035210608132166e-10,974.1094644384123,1.0119570093786728e+20
4.169460416159423e-10,971.772895995105,1.0088724022334025e+20
4.335399771505629e-10,967.1179526676333,1.0027417549146336e+20
4.5013391268518354e-10,960.460483513595,9.940065148499601e+19
4.667278482198042e-10,952.1144560679891,9.831081294669768e+19
4.833217837544248e-10,942.3963862100815,9.70488046193278e+19
4.999157192890455e-10,931.6285939937259,9.565877124564587e+19
5.165096548236661e-10,920.1412473479513,9.418485756841132e+19
5.331035903582867e-10,908.2732640234026,9.267120833038365e+19
5.496975258929075e-10,896.3722228173158,9.116196827432226e+19
5.66291461427528e-10,884.79348795521,8.970128214298668e+19
5.828853969621486e-10,873.8983487334733,8.833324120287004e+19
5.994793324967694e-10,863.9701446597013,8.709163442301287e+19
6.1607326803139e-10,855.1131245520581,8.598775344881964e+19
6.326672035660106e-10,847.4062147989131,8.502992018216816e+19
6.492611391006313e-10,840.9265763659845,8.422645652493615e+19
6.658550746352519e-10,835.7496087950111,8.35856843790014e+19
6.824490101698725e-10,831.9491474616154,8.31159256462417e+19
6.990429457044933e-10,829.5974099179125,8.282550222853479e+19
7.156368812391138e-10,828.7648610636802,8.272273602775841e+19
7.322308167737344e-10,829.5200235749406,8.281594894579037e+19
7.488247523083552e-10,831.9292117984768,8.311346288450845e+19
7.654186878429758e-10,836.0561644947522,8.362359974579036e+19
7.820126233775964e-10,841.9615488603121,8.43546814315139e+19
7.986065589122169e-10,849.7023044700137,8.531502984355686e+19
8.152004944468377e-10,859.3306169359347,8.651296688379698e+19
8.317944299814583e-10,870.8922549596339,8.7956814454112e+19
8.483883655160789e-10,884.4248412949546,8.965489445637974e+19
8.649823010506997e-10,899.955613834771,9.161552879247796e+19
8.815762365853202e-10,917.4986287911854,9.384703936428435e+19
8.981701721199408e-10,937.05135278849,9.635774789942421e+19
9.147641076545616e-10,958.5827493857505,9.91549540533574e+19
9.313580431891822e-10,982.0108863583799,1.022425270663783e+20
9.479519787238027e-10,1007.2199241354604,1.0562361728079451e+20
9.645459142584235e-10,1034.0605083299465,1.0930137503891364e+20
9.811398497930441e-10,1062.3699668491704,1.1327895068304314e+20
9.977337853276647e-10,1092.0322023644003,1.1755949455549062e+20
1.0143277208622855e-09,1122.9450409716446,1.2214615699856371e+20
1.030921656396906e-09,1155.0142473716544,1.2704208835456985e+20
1.0475155919315266e-09,1188.1575642658443,1.3225043896581664e+20
1.0641095274661474e-09,1222.3091936143028,1.3777435917461173e+20
1.080703463000768e-09,1257.4247416226415,1.4361699932326258e+20
1.0972973985353886e-09,1293.4866498612378,1.4978150975407673e+20
1.1138913340700093e-09,1330.503888086347,1.5626993298421993e+20
1.13048526960463e-09,1368.448356053283,1.6307150314352833e+20
1.1470792051392505e-09,1407.1307187705272,1.7016722404155313e+20
1.1636731406738713e-09,1446.1886195206262,1.775379637977688e+20
1.1802670762084918e-09,1485.223626576502,1.8516459053164967e+20
1.1968610117431124e-09,1523.8109375631632,1.9302797236267005e+20
1.213454947277733e-09,1561.5023060459769,2.0110897741030448e+20
1.2300488828123538e-09,1597.829651193274,2.093884737940272e+20
1.2466428183469744e-09,1632.3168508104864,2.1784732963331257e+20
1.263236753881595e-09,1664.6989820908832,2.26466413047635e+20
1.2798306894162157e-09,1694.9830873769656,2.3522659215646894e+20
1.2964246249508363e-09,1723.2329699546947,2.4410884736419103e+20
1.3130185604854569e-09,1749.5646766367472,2.530984211560249e+20
1.3296124960200777e-09,1774.140984965719,2.6218603375302964e+20
1.3462064315546982e-09,1797.1505845504173,2.7136276560143273e+20
1.3628003670893188e-09,1818.8048402857196,2.8061969714746225e+20
1.3793943026239396e-09,1839.3355785267254,2.8994790883734602e+20
1.3959882381585602e-09,1858.9927181545577,2.993384811173116e+20
1.4125821736931807e-09,1878.0417632691438,3.0878249443358684e+20
1.4291761092278015e-09,1896.7159301313654,3.182710292323999e+20
1.445770044762422e-09,1915.0389494578183,3.277949289552017e+20
1.4623639802970427e-09,1932.9538439996647,3.3733541774287707e+20
1.4789579158316635e-09,1950.383910484863,3.468609839957217e+20
1.495551851366284e-09,1967.2571083491093,3.563392403921656e+20
1.5121457869009046e-09,1983.508298406609,3.657377996106395e+20
1.5287397224355252e-09,1999.0797048102656,3.7502427432957385e+20
1.545333657970146e-09,2013.9212910682186,3.841662772273989e+20
1.5619275935047666e-09,2027.991036911514,3.931314209825452e+20
1.5785215290393871e-09,2041.2606690340772,4.018910600643457e+20
1.595115464574008e-09,2053.8281400241194,4.1049949951101646e+20
1.6117094001086285e-09,2065.892193942977,4.190923027478051e+20
1.628303335643249e-09,2077.6257455882087,4.278084365094216e+20
1.6448972711778698e-09,2089.168020343303,4.3678686753057636e+20
1.6614912067124904e-09,2100.620470403069,4.4616656254597936e+20
1.678085142247111e-09,2112.0409669001156,4.560864882903408e+20
1.6946790777817318e-09,2123.435987088243,4.666856114983708e+20
1.7112730133163524e-09,2134.7319743784406,4.7808335811579976e+20
1.727866948850973e-09,2145.5616407061134,4.9013185426044584e+20
1.7444608843855935e-09,2155.447865720783,5.024895790621078e+20
1.7610548199202143e-09,2164.099073602936,5.148106828830657e+20
1.7776487554548349e-09,2171.44045730735,5.2674931608559996e+20
1.7942426909894554e-09,2177.4996482335405,5.379596290319907e+20
1.8108366265240762e-09,2182.3597923550496,5.480957720845186e+20
1.8274305620586968e-09,2186.147361175589,5.568727829202248e+20
1.8440244975933174e-09,2189.10894108144,5.643729100343827e+20
1.8606184331279382e-09,2191.472439146559,5.7081538784774894e+20
1.8772123686625585e-09,2193.4069580100427,5.764196848718294e+20
1.8938063041971795e-09,2195.042543172577,5.814052696181295e+20
1.9104002397318e-09,2196.483312617335,5.859916105981551e+20
1.9269941752664207e-09,2197.815917724101,5.903981763234118e+20
1.9435881108010413e-09,2199.114853860695,5.948444353054051e+20
1.960182046335662e-09,2200.4349003081875,5.995107548849234e+20
1.9767759818702824e-09,2201.780632018858,6.04411266236301e+20
1.9933699174049034e-09,2203.146266531071,6.095159310664633e+20
2.009963852939524e-09,2204.5286530589915,6.147947107336395e+20
2.0265577884741445e-09,2205.92701943857,6.202175665960583e+20
2.043151724008765e-09,2207.342610048431,6.257544600119485e+20
2.0597456595433857e-09,2208.7782309757595,6.313753523395394e+20
2.0763395950780063e-09,2210.2377209378083,6.3705020493706e+20
2.0929335306126273e-09,2211.7253683224367,6.427489791627385e+20
2.109527466147248e-09,2213.2452960757823,6.484416363748044e+20
2.1261214016818684e-09,2214.800837041864,6.540981379314865e+20
2.142715337216489e-09,2216.393694874817,6.59687661052485e+20
2.1593092727511096e-09,2218.021231283565,6.651717137400179e+20
2.17590320828573e-09,2219.6758116923356,6.705074662263201e+20
2.1924971438203507e-09,2221.340366652243,6.756520395026513e+20
2.2090910793549717e-09,2222.99222215262,6.805625545602717e+20
2.2256850148895923e-09,2224.6070075905786,6.851961323904409e+20
2.242278950424213e-09,2226.1589907926905,6.895098939844192e+20
2.2588728859588334e-09,2227.6214115496778,6.93460960333466e+20
2.275466821493454e-09,2228.9668508675645,6.970064524288418e+20
2.2920607570280746e-09,2230.167635852198,7.001034912618061e+20
2.3086546925626956e-09,2231.197217390936,7.027115512519945e+20
2.325248628097316e-09,2232.045278829026,7.048286016103188e+20
2.3418425636319367e-09,2232.7160819517594,7.064840178025428e+20
2.3584364991665573e-09,2233.216414967269,7.077080925828476e+20
2.375030434701178e-09,2233.5548817775193,7.085311187054129e+20
2.3916243702357985e-09,2233.7415808257206,7.0898338892442e+20
2.408218305770419e-09,2233.7878122271118,7.090951959940487e+20
2.42481224130504e-09,2233.7058114017477,7.088968326684795e+20
2.4414061768396606e-09,2233.5085077488447,7.084185917018935e+20
2.458000112374281e-09,2233.209307197,7.076907658484709e+20
2.4745940479089018e-09,2232.8218977330725,7.067436478623916e+20
2.4911879834435223e-09,2232.360077254852,7.056075304978368e+20
2.507781918978143e-09,2231.8376033086242,7.043127065089866e+20
2.524375854512764e-09,2231.268064462665,7.028894686500215e+20
2.5409697900473845e-09,2230.664773231234,7.01368109675122e+20
2.557563725582005e-09,2230.0364374137357,6.997680628619312e+20
2.5741576611166256e-09,2229.3710716296882,6.980558718843459e+20
2.5907515966512462e-09,2228.6512012163375,6.961820024629624e+20
2.6073455321858668e-09,2227.8604415249315,6.940969165858586e+20
2.6239394677204878e-09,2226.9837379866844,6.917510762411134e+20
2.6405334032551084e-09,2226.0076704239127,6.890949434168044e+20
2.657127338789729e-09,2224.920825294414,6.860789801010104e+20
2.6737212743243495e-09,2223.714238687658,6.826536482818093e+20
2.69031520985897e-09,2222.381913609748,6.7876940994728e+20
2.7069091453935907e-09,2220.921415927067,6.743767270855e+20
2.7235030809282112e-09,2219.339853133208,6.694429262860238e+20
2.7400970164628322e-09,2217.6859753049584,6.640612466553926e+20
2.756690951997453e-09,2216.016023404792,6.583818634993052e+20
2.7732848875320734e-09,2214.3713945565005,6.525552316219688e+20
2.789878823066694e-09,2212.78451060027,6.467318058275904e+20
2.8064727586013145e-09,2211.281998037821,6.410620409203775e+20
2.823066694135935e-09,2209.887995891149,6.356963917045377e+20
2.839660629670556e-09,2208.6272623981354,6.307853129842778e+20
2.8562545652051767e-09,2207.518960599486,6.264455089770525e+20
2.8728485007397973e-09,2206.5415215418734,6.226176668588789e+20
2.889442436274418e-09,2205.6620572327597,6.191852789276139e+20
2.9060363718090384e-09,2204.8492364035187,6.160318071190669e+20
2.922630307343659e-09,2204.072115634906,6.130407133690478e+20
2.93922424287828e-09,2203.2993473629053,6.100954596133655e+20
2.9558181784129005e-09,2202.4985334216585,6.070795077878296e+20
2.972412113947521e-09,2201.635524721605,6.038763198282501e+20
2.9890060494821417e-09,2200.673478870612,6.003693576704359e+20
3.0055999850167623e-09,2199.577145396873,5.964620510372282e+20
3.022193920551383e-09,2198.3374380716887,5.921656080516925e+20
3.0387878560860034e-09,2196.9532290074385,5.875274373764382e+20
3.0553817916206244e-09,2195.421890156216,5.8259497445152896e+20
3.071975727155245e-09,2193.7398421806756,5.774156547170283e+20
3.0885696626898656e-09,2191.9032849623613,5.720369136129995e+20
3.105163598224486e-09,2189.9090763560066,5.6650618657950623e+20
3.1217575337591067e-09,2187.755723218012,5.608709090566118e+20
3.1383514692937273e-09,2185.4444406577973,5.551785164843795e+20
3.1549454048283483e-09,2182.9802293029966,5.4947644430287274e+20
3.171539340362969e-09,2180.372916133659,5.4381212795215544e+20
3.1881332758975894e-09,2177.6368274017564,5.382304821293304e+20
3.20472721143221e-09,2174.774928037412,5.3274366984987745e+20
3.2213211469668306e-09,2171.779597910612,5.273409624373198e+20
3.237915082501451e-09,2168.642359773415,5.220111621222735e+20
3.2545090180360717e-09,2165.353913622365,5.1674307113535465e+20
3.2711029535706927e-09,2161.903957549822,5.115254917071794e+20
3.2876968891053133e-09,2158.281014554386,5.0634722606836364e+20
3.304290824639934e-09,2154.472262091785,5.011970764495239e+20
3.3208847601745545e-09,2150.463461961682,4.960638450812759e+20
3.337478695709175e-09,2146.2432230031955,4.9093633419423574e+20
3.3540726312437956e-09,2141.8045998152775,4.8580334601901985e+20
3.3706665667784166e-09,2137.13926017264,4.806536827862439e+20
3.387260502313037e-09,2132.237070977473,4.754761467265243e+20
3.4038544378476578e-09,2127.086144196616,4.702595451246018e+20
3.4204483733822783e-09,2121.67718517233,4.649968075569447e+20
3.437042308916899e-09,2116.0124456481085,4.596924309328445e+20
3.4536362444515195e-09,2110.0972709741313,4.543529259422779e+20
3.47023017998614e-09,2103.93813691517,4.48984803275222e+20
3.486824115520761e-09,2097.5426294288873,4.4359457362165354e+20
3.5034180510553816e-09,2090.9194201174546,4.381887476715498e+20
3.5200119865900022e-09,2084.0782376637703,4.3277383611488744e+20
3.5366059221246228e-09,2077.029835568825,4.273563496416434e+20
3.5531998576592434e-09,2069.7859565105123,4.219427989417946e+20
3.569793793193864e-09,2062.3592936463265,4.165396947053181e+20
3.586387728728485e-09,2054.7634491830254,4.111535476221904e+20
3.6029816642631055e-09,2047.0128905353843,4.05790868382389e+20
3.619575599797726e-09,2039.1229043936696,4.004581676758903e+20
3.6361695353323467e-09,2031.1095490154298,3.9516195619267156e+20
3.6527634708669672e-09,2022.9893127362309,3.8990855745657425e+20
3.669357406401588e-09,2014.7716456836765,3.8469947034660215e+20
3.685951341936209e-09,2006.4576722362415,3.795310613152915e+20
3.7025452774708294e-09,1998.0474918920277,3.743994480189114e+20
3.71913921300545e-09,1989.5405919678908,3.693007481137303e+20
3.7357331485400705e-09,1980.935877966387,3.642310792560167e+20
3.752327084074691e-09,1972.231702271436,3.591865591020398e+20
3.768921019609312e-09,1963.425891288907,3.5416330530806766e+20
3.785514955143932e-09,1954.5157711459153,3.491574355303695e+20
3.802108890678553e-09,1945.4981920604305,3.441650674252134e+20
3.818702826213173e-09,1936.3695514910385,3.391823186488688e+20
3.835296761747794e-09,1927.1258161751773,3.342053068576037e+20
3.851890697282415e-09,1917.762543163068,3.292301497076872e+20
3.868484632817035e-09,1908.2748999536925,3.24252964855388e+20
3.885078568351656e-09,1898.6619685180185,3.192720766495787e+20
3.901672503886276e-09,1888.942274686138,3.142957816460763e+20
3.918266439420897e-09,1879.1406958562632,3.0933519202304754e+20
3.9348603749555174e-09,1869.2753113598421,3.044014201263059e+20
3.9514543104901384e-09,1859.3351399187998,2.995055783016638e+20
3.9680482460247594e-09,1849.3048297616174,2.946587788949345e+20
3.98464218155938e-09,1839.1732371122346,2.898721342519311e+20
4.0012361170940006e-09,1828.9342378454623,2.8515675671846627e+20
4.017830052628621e-09,1818.5874582934316,2.8052375864035338e+20
4.034423988163242e-09,1808.1389120580188,2.759842523634049e+20
4.051017923697862e-09,1797.6015305782944,2.7154935023343426e+20
4.067611859232483e-09,1786.995576235429,2.6723016459625392e+20
4.084205794767104e-09,1776.3489279504352,2.630378077976773e+20
4.100799730301724e-09,1765.696572963208,2.589831461111257e+20
4.117393665836345e-09,1755.0603319771542,2.5506950308019238e+20
4.133987601370965e-09,1744.4416911918672,2.512914361682853e+20
4.150581536905586e-09,1733.8417018822406,2.476430103622837e+20
4.167175472440207e-09,1723.2617776884126,2.4411829064906755e+20
4.183769407974827e-09,1712.7032849698437,2.4071134201551684e+20
4.200363343509448e-09,1702.167191422284,2.3741622944851096e+20
4.2169572790440685e-09,1691.6537665021563,2.3422701793493e+20
4.2335512145786895e-09,1681.1623276243272,2.3113777246165336e+20
4.25014515011331e-09,1670.6910264994642,2.281425580155612e+20
4.266739085647931e-09,1660.2366703561183,2.2523543958353284e+20
4.283333021182552e-09,1649.794573150447,2.2241048215244826e+20
4.299926956717172e-09,1639.358432202945,2.196617507091874e+20
4.316520892251793e-09,1628.9202260168329,2.169833102406297e+20
4.333114827786413e-09,1618.470129326758,2.1436922573365513e+20
4.349708763321034e-09,1607.9977318392982,2.1181356217514325e+20
4.366302698855654e-09,1597.498566743873,2.093103845519741e+20
4.382896634390275e-09,1586.968232404807,2.0685375785102714e+20
4.399490569924896e-09,1576.399195286183,2.0443774705918224e+20
4.416084505459516e-09,1565.7810532993333,2.0205641716331928e+20
4.432678440994137e-09,1555.1007798286798,1.9970383315031782e+20
4.449272376528757e-09,1544.3429432031915,1.9737406007467688e+20
4.465866312063378e-09,1533.4952738640688,1.950622986568173e+20
4.482460247597999e-09,1522.5630987488878,1.9276777185245564e+20
4.4990541831326195e-09,1511.5555994154465,1.904905926747379e+20
4.5156481186672405e-09,1500.4817374255454,1.8823087413680973e+20
4.532242054201861e-09,1489.3502556046315,1.8598872925181723e+20
4.548835989736482e-09,1478.1696793753922,1.8376427103290606e+20
4.565429925271102e-09,1466.9483181646474,1.815576124932223e+20
4.582023860805723e-09,1455.6942668828306,1.7936886664591173e+20
4.598617796340344e-09,1444.4154074753537,1.7719814650412034e+20
4.615211731874964e-09,1433.1194105451,1.75045565080994e+20
4.631805667409585e-09,1421.8137370452753,1.7291123538967842e+20
4.648399602944205e-09,1410.5056400418262,1.7079527044331982e+20
4.664993538478826e-09,1399.2021665445845,1.686977832550637e+20
4.681587474013446e-09,1387.9101594063059,1.6661888683805632e+20
4.698181409548067e-09,1376.636259288701,1.6455869420544324e+20
4.714775345082688e-09,1365.3869066945738,1.6251731837037055e+20
4.7313692806173084e-09,1354.1683440651204,1.6049487234598417e+20
4.747963216151929e-09,1342.9862416780659,1.5849146914542984e+20
4.7645571516865496e-09,1331.841505207097,1.565072217818536e+20
4.7811510872211706e-09,1320.7320780545244,1.5454224326840114e+20
4.797745022755791e-09,1309.6561181534175,1.5259664661821856e+20
4.814338958290412e-09,1298.6119031171588,1.506705187210718e+20
4.830932893825033e-09,1287.5960197524855,1.4876360991827493e+20
4.847526829359653e-09,1276.6038824858842,1.4687543672522033e+20
4.864120764894274e-09,1265.6310169008063,1.4500551093634358e+20
4.880714700428894e-09,1254.6730721349352,1.4315334434608053e+20
4.897308635963515e-09,1243.7258069247596,1.4131844874886672e+20
4.913902571498136e-09,1232.7850762391079,1.3950033593913788e+20
4.930496507032756e-09,1221.8468184728006,1.3769851771132984e+20
4.947090442567377e-09,1210.9070431722873,1.3591250585987808e+20
4.963684378101997e-09,1199.9618192658659,1.341418121792185e+20
4.980278313636618e-09,1189.0072637716921,1.3238594846378662e+20
4.9968722491712385e-09,1178.0395309574974,1.3064442650801827e+20
5.0134661847058595e-09,1167.0548019265325,1.2891675810634901e+20
5.0300601202404804e-09,1156.0492746048733,1.2720245505321463e+20
5.046654055775101e-09,1145.019154105823,1.255010291430509e+20
5.063247991309722e-09,1133.9606434477048,1.2381199217029333e+20
5.079841926844342e-09,1122.8699346019134,1.2213485592937778e+20
5.096435862378963e-09,1111.7431998485856,1.2046913221473983e+20
5.113029797913583e-09,1100.5765834178137,1.1881433282081528e+20
5.129623733448204e-09,1089.3661933947587,1.171699695420397e+20
5.146217668982825e-09,1078.1080938675489,1.1553555417284885e+20
5.162811604517445e-09,1066.7982972972527,1.139105985076785e+20
5.179405540052066e-09,1055.4327570896687,1.1229461434096419e+20
5.195999475586686e-09,1044.0073603490914,1.1068711346714177e+20
5.212593411121307e-09,1032.517920794579,1.090876076806468e+20
5.229187346655928e-09,1020.9617883147786,1.0749573731260901e+20
5.245781282190548e-09,1009.3466217630163,1.0591193434490737e+20
5.262375217725169e-09,997.6842135552644,1.0433693189496804e+20
5.2789691532597895e-09,985.9864121508101,1.0277146366594815e+20
5.2955630887944105e-09,974.2650901601585,1.0121626336100449e+20
5.312157024329031e-09,962.5321231875961,9.967206468329421e+19
5.328750959863652e-09,950.7993692465794,9.813960133597407e+19
5.345344895398273e-09,939.0786488055504,9.66196070222012e+19
5.361938830932893e-09,927.3817255197962,9.511281544513257e+19
5.378532766467514e-09,915.7202877029905,9.361996030792504e+19
5.395126702002134e-09,904.1059305898502,9.214177531373573e+19
5.411720637536755e-09,892.5501394390392,9.06789941657214e+19
5.428314573071375e-09,881.0642735230604,8.923235056703922e+19
5.444908508605996e-09,869.6595510492718,8.7802578220846e+19
5.461502444140617e-09,858.3470350535398,8.63904108302988e+19
5.478096379675237e-09,847.1376202531637,8.499658209855463e+19
5.494690315209858e-09,836.0418217340798,8.362182572877033e+19
5.511284250744478e-09,825.069343062264,8.2266875424103e+19
5.527878186279099e-09,814.2296334471354,8.093246488770948e+19
5.54447212181372e-09,803.5320192654291,7.961932782274681e+19
5.5610660573483405e-09,792.98569792313,7.832819793237202e+19
5.5776599928829615e-09,782.5997324724381,7.70598089197419e+19
5.594253928417582e-09,772.3830469941472,7.581489448801365e+19
5.610847863952203e-09,762.3444227532451,7.459418834034401e+19
5.627441799486823e-09,752.4924951328918,7.339842417989012e+19
5.644035735021444e-09,742.8357513491621,7.222833570980884e+19
5.660629670556065e-09,733.382528946135,7.1084656633257165e+19
5.677223606090685e-09,724.1400361220595,6.996800245490522e+19
5.693817541625306e-09,715.1086145683024,6.887817923902378e+19
5.710411477159926e-09,706.2856112492642,6.7814653910881575e+19
5.727005412694547e-09,697.6681850786534,6.677689224224837e+19
5.743599348229167e-09,689.2533306545153,6.57643600048941e+19
5.760193283763788e-09,681.037891558336,6.47765229705886e+19
5.776787219298409e-09,673.0185728038466,6.381284691110174e+19
5.7933811548330294e-09,665.1919524783925,6.287279759820345e+19
5.8099750903676504e-09,657.5544926181963,6.19558408036635e+19
5.826569025902271e-09,650.1025493573535,6.106144229925184e+19
5.8431629614368916e-09,642.8323823889195,6.018906785673829e+19
5.8597568969715126e-09,635.7401637750287,5.933818324789272e+19
5.876350832506133e-09,628.8219861415737,5.850825424448507e+19
5.892944768040754e-09,622.0738702916088,5.769874661828509e+19
5.909538703575374e-09,615.4917722703246,5.690912614106277e+19
5.926132639109995e-09,609.0715898108908,5.613885858458787e+19
5.942726574644615e-09,602.8087203981215,5.538740972063035e+19
5.959320510179236e-09,596.6971533412634,5.465424532096e+19
5.975914445713857e-09,590.730814975396,5.393883115734673e+19
5.992508381248477e-09,584.9038686104482,5.324063300156042e+19
6.009102316783098e-09,579.2106882481908,5.2559116625370915e+19
6.025696252317718e-09,573.6458343631768,5.1893747800548114e+19
6.042290187852339e-09,568.2040316131101,5.124399229886181e+19
6.0588841233869595e-09,562.8801483500956,5.0609315892082e+19
6.0754780589215805e-09,557.6691778099804,4.9989184351978406e+19
6.0920719944562015e-09,552.5662208626004,4.9383063450321e+19
6.108665929990822e-09,547.566470211103,4.879041895887963e+19
6.125259865525443e-09,542.66519593375,4.821071664942412e+19
6.141853801060063e-09,537.857732266586,4.764342229372441e+19
6.158447736594684e-09,533.1394655301876,4.708800166355031e+19
6.175041672129304e-09,528.5058231083348,4.6543920530671714e+19
6.191635607663925e-09,523.9522633908714,4.601064466685848e+19
6.208229543198546e-09,519.4742683186531,4.548764004464824e+19
6.224823478733166e-09,515.0680058638196,4.49744508562321e+19
6.241417414267787e-09,510.73135240468224,4.4470817822649336e+19
6.258011349802407e-09,506.46247444003967,4.397651204064664e+19
6.274605285337028e-09,502.25956432824734,4.349130460697061e+19
6.291199220871649e-09,498.1208360632263,4.301496661836793e+19
6.307793156406269e-09,494.0445213470509,4.254726917158524e+19
6.32438709194089e-09,490.0288659424823,4.2087983363369165e+19
6.3409810274755105e-09,486.0721262893864,4.1636880290466365e+19
6.3575749630101315e-09,482.1725663695418,4.1193731049623446e+19
6.374168898544752e-09,478.32845480490516,4.075830673758712e+19
6.390762834079373e-09,474.5380621749215,4.033037845110396e+19
6.407356769613994e-09,470.79965853901,3.990971728692065e+19
6.423950705148614e-09,467.11151115084255,3.949609434178384e+19
6.440544640683235e-09,463.47188235153607,3.9089280712440136e+19
6.457138576217855e-09,459.8790276293568,3.868904749563622e+19
6.473732511752476e-09,456.3311938339871,3.8295165788118704e+19
6.490326447287096e-09,452.8266175338652,3.790740668663427e+19
6.506920382821717e-09,449.36352350552636,3.752554128792952e+19
6.523514318356338e-09,445.94012334430454,3.714934068875111e+19
6.540108253890958e-09,442.5546141861443,3.6778575985845703e+19
6.556702189425579e-09,439.20517753066264,3.6413018275959923e+19
6.5732961249601994e-09,435.8899781559788,3.6052438655840424e+19
6.58989006049482e-09,432.6071631161757,3.569660822223384e+19
6.606483996029441e-09,429.3548608126052,3.534529807188681e+19
6.6230779315640616e-09,426.1311801305782,3.4998279301546e+19
6.6396718670986826e-09,422.934226292515,3.465532300795804e+19
6.656265802633303e-09,419.76225837663907,3.4316200287869575e+19
6.672859738167924e-09,416.6136067861373,3.398068223802724e+19
6.689453673702544e-09,413.4865637491361,3.3648539955177697e+19
6.706047609237165e-09,410.3793834893049,3.331954453606757e+19
6.722641544771786e-09,407.29028386536413,3.299346707744351e+19
6.739235480306406e-09,404.21744791694636,3.2670078676052173e+19
6.755829415841027e-09,401.1590253213137,3.234915042864017e+19
6.772423351375647e-09,398.11313376531257,3.203045343195419e+19
6.789017286910268e-09,395.077860236812,3.1713758782740836e+19
6.805611222444888e-09,392.0512622397648,3.1398837577746784e+19
6.822205157979509e-09,389.03136893692124,3.108546091371864e+19
6.83879909351413e-09,386.01618222414027,3.077339988740307e+19
6.8553930290487505e-09,383.00367774015217,3.0462425595546747e+19
6.8719869645833714e-09,379.99197385213535,3.0152326414917992e+19
6.888580900117992e-09,376.9807152512892,2.984304962478176e+19
6.905174835652613e-09,373.97037602785167,2.9534628071787573e+19
6.921768771187233e-09,370.9614398137111,2.922709542965112e+19
6.938362706721854e-09,367.95439164737195,2.892048537208802e+19
6.954956642256475e-09,364.9497178621049,2.8614831572813984e+19
6.971550577791095e-09,361.9479059750045,2.8310167705544663e+19
6.988144513325716e-09,358.9494445770249,2.80065274439957e+19
7.004738448860336e-09,355.9548232240585,2.7703944461882794e+19
7.021332384394957e-09,352.96453232912125,2.740245243292158e+19
7.037926319929578e-09,349.97906305571115,2.7102085030827733e+19
7.054520255464198e-09,346.99890721240087,2.680287592931693e+19
7.071114190998819e-09,344.02455714872605,2.6504858802104807e+19
7.087708126533439e-09,341.05650565243377,2.6208067322907062e+19
7.10430206206806e-09,338.0952458481438,2.591253516543932e+19
7.1208959976026805e-09,335.14127109748904,2.561829600341729e+19
7.1374899331373015e-09,332.1950749007847,2.5325383510556586e+19
7.1540838686719225e-09,329.25715080028954,2.503383136057291e+19
7.170677804206543e-09,326.32799228510567,2.4743673227181924e+19
7.187271739741164e-09,323.40809269777805,2.445494278409927e+19
7.203865675275784e-09,320.4979451426396,2.416767370504064e+19
7.220459610810405e-09,317.59804239595553,2.3881899663721673e+19
7.237053546345025e-09,314.7088768179152,2.3597654333858054e+19
7.253647481879646e-09,311.83094026651827,2.3314971389165425e+19
7.270241417414267e-09,308.964724013403,2.303388450335946e+19
7.286835352948887e-09,306.1107186616592,2.2754427350155837e+19
7.303429288483508e-09,303.26941406567033,2.2476633603270197e+19
7.320023224018128e-09,300.4412992530256,2.220053693641823e+19
7.336617159552749e-09,297.6268623485412,2.192617102331557e+19
7.35321109508737e-09,294.82659050043094,2.1653569537677898e+19
7.36980503062199e-09,292.04096980865927,2.1382766153220887e+19
7.386398966156611e-09,289.270485255514,2.111379454366018e+19
7.4029929016912315e-09,286.5156206384316,2.0846688382711472e+19
7.4195868372258525e-09,283.7768585051032,2.0581481344090386e+19
7.436180772760473e-09,281.0546800908958,2.0318207101512622e+19
7.452774708295095e-09,278.34956525860963,2.0056899328693813e+19
7.469368643829714e-09,275.66199244060334,1.9797591699349668e+19
7.485962579364335e-09,272.99243858330476,1.95403178871958e+19
7.502556514898956e-09,270.34137909413477,1.92851115659479e+19
7.519150450433577e-09,267.7092877908588,1.9032006409321628e+19
7.535744385968196e-09,265.09663685338563,1.8781036091032674e+19
7.552338321502817e-09,262.50389739388027,1.8532234284796654e+19
7.568932257037438e-09,259.9316846022763,1.8285634664329249e+19
7.585526192572059e-09,257.3809336332519,1.8041270903346133e+19
7.60212012810668e-09,254.85259717020392,1.7799176675562967e+19
7.6187140636413e-09,252.34759748235143,1.7559385654695436e+19
7.63530799917592e-09,249.86682638287283,1.7321931514459163e+19
7.651901934710541e-09,247.41114522275038,1.7086847928569825e+19
7.668495870245162e-09,244.98138492031887,1.6854168570743101e+19
7.685089805779783e-09,242.57834602649174,1.6623927114694644e+19
7.701683741314403e-09,240.20279882560808,1.6396157234140146e+19
7.718277676849024e-09,237.85548347181123,1.6170892602795227e+19
7.734871612383645e-09,235.5371101608487,1.5948166894375565e+19
7.751465547918266e-09,233.2483593371403,1.5728013782596835e+19
7.768059483452885e-09,230.9898819359438,1.5510466941174714e+19
7.784653418987506e-09,228.76229966040756,1.5295560043824833e+19
7.801247354522127e-09,226.56620529327498,1.5083326764262865e+19
7.817841290056748e-09,224.40216304296735,1.4873800776204487e+19
7.834435225591369e-09,222.2707089237442,1.4667015753365352e+19
7.851029161125988e-09,220.17235116960939,1.4463005369461154e+19
7.86762309666061e-09,218.10757068159003,1.4261803298207508e+19
7.88421703219523e-09,216.076821507994,1.4063443213320106e+19
7.900810967729851e-09,214.08053135720644,1.3867958788514607e+19
7.917404903264472e-09,212.1191021425599,1.3675383697506679e+19
7.933998838799092e-09,210.1929105587749,1.3485751614012002e+19
7.950592774333713e-09,208.30230868943067,1.3299096211746204e+19
7.967186709868334e-09,206.44762464489835,1.3115451164424966e+19
7.983780645402955e-09,204.62916323012155,1.2934850145763955e+19
8.000374580937576e-09,202.84717295643503,1.2757326829478832e+19
8.016968516472195e-09,201.1011804915064,1.2582914889285284e+19
8.033562452006816e-09,199.39011147774144,1.2411647998898938e+19
8.050156387541437e-09,197.71299279846642,1.2243559832035467e+19
8.066750323076058e-09,196.0689778954459,1.2078684062410551e+19
8.083344258610677e-09,194.45734310667845,1.1917054363739857e+19
8.099938194145298e-09,192.87748387082965,1.1758704409739022e+19
8.11653212967992e-09,191.32891080376137,1.1603667874123727e+19
8.13312606521454e-09,189.81124565285052,1.1451978430609637e+19
8.149720000749161e-09,188.32421713503203,1.1303669752912415e+19
8.16631393628378e-09,186.86765666474156,1.1158775514747736e+19
8.182907871818402e-09,185.4414939781757,1.1017329389831242e+19
8.199501807353023e-09,184.04575266053672,1.0879365051878605e+19
8.216095742887644e-09,182.68054558317388,1.0744916174605494e+19
8.232689678422264e-09,181.34607025778823,1.061401643172757e+19
8.249283613956884e-09,180.04260411511888,1.0486699496960512e+19
8.265877549491505e-09,178.770499715786,1.036299904401996e+19
8.282471485026126e-09,177.5301799012253,1.0242948746621585e+19
8.299065420560747e-09,176.3221328929062,1.012658227848106e+19
