z_nm,epsilon
0.000000000000000000e+00,nan
5.025125628140703402e-11,1.426324715845262148e+01
1.005025125628140680e-10,1.745791907693969591e+01
1.507537688442211021e-10,2.010185942000727621e+01
2.010050251256281361e-10,2.260557326942396728e+01
2.512562814070351442e-10,2.454425630861513952e+01
3.015075376884422041e-10,2.584500653981624652e+01
3.517587939698492640e-10,2.654639509165986055e+01
4.020100502512562722e-10,2.670314932735677260e+01
4.522613065326632803e-10,2.646369671994601802e+01
5.025125628140702885e-10,2.597699995206941281e+01
5.527638190954774001e-10,2.538900059233465356e+01
6.030150753768844082e-10,2.485134229037866760e+01
6.532663316582914164e-10,2.447052513177626665e+01
7.035175879396985280e-10,2.429311681404724865e+01
7.537688442211055361e-10,2.435773541224015659e+01
8.040201005025125443e-10,2.469324419830823913e+01
8.542713567839195525e-10,2.531444181352554779e+01
9.045226130653265606e-10,2.622661568551571420e+01
9.547738693467335688e-10,2.744109174775399751e+01
1.005025125628140577e-09,2.899419522051284304e+01
1.055276381909547792e-09,3.092697332133264609e+01
1.105527638190954800e-09,3.326897429741408274e+01
1.155778894472361808e-09,3.585193970816729347e+01
1.206030150753768816e-09,3.845331967767629777e+01
1.256281407035175825e-09,4.113349687781813913e+01
1.306532663316582833e-09,4.383657727038612961e+01
1.356783919597989841e-09,4.637820231659262760e+01
1.407035175879397056e-09,4.886032529466348251e+01
1.457286432160804064e-09,5.141379565587170930e+01
1.507537688442211072e-09,5.401679563697684472e+01
1.557788944723618080e-09,5.635461187915417725e+01
1.608040201005025089e-09,5.827673237170097309e+01
1.658291457286432097e-09,6.011419989672236852e+01
1.708542713567839105e-09,6.224195165892285075e+01
1.758793969849246113e-09,6.466046693899914999e+01
1.809045226130653121e-09,6.679005906822442284e+01
1.859296482412060336e-09,6.820334068192087784e+01
1.909547738693467138e-09,6.912025503110898228e+01
1.959798994974874353e-09,6.991840239256693224e+01
2.010050251256281154e-09,7.080760515352986317e+01
2.060301507537688369e-09,7.175774464505990125e+01
2.110552763819095584e-09,7.271961986717791149e+01
2.160804020100502385e-09,7.364277994271584760e+01
2.211055276381909600e-09,7.446897192131810073e+01
2.261306532663316402e-09,7.513929902728250454e+01
2.311557788944723617e-09,7.560232945582126263e+01
2.361809045226130418e-09,7.584185618786067096e+01
2.412060301507537633e-09,7.589987139845071340e+01
2.462311557788944848e-09,7.581985886653126272e+01
2.512562814070351649e-09,7.564242269286391718e+01
2.562814070351758864e-09,7.540649882346265542e+01
2.613065326633165666e-09,7.510399097079529440e+01
2.663316582914572881e-09,7.466461979940123683e+01
2.713567839195979682e-09,7.400870986699032983e+01
2.763819095477386897e-09,7.311051475823353485e+01
2.814070351758794112e-09,7.215021432595702322e+01
2.864321608040200913e-09,7.136025367371820494e+01
2.914572864321608128e-09,7.078800939698963646e+01
2.964824120603014930e-09,7.026434015288172930e+01
3.015075376884422145e-09,6.960683566398779476e+01
3.065326633165828946e-09,6.875093139219211480e+01
3.115577889447236161e-09,6.776055947792632139e+01
3.165829145728642962e-09,6.670940340202393770e+01
3.216080402010050177e-09,6.566905319761279713e+01
3.266331658291457392e-09,6.465241850973268356e+01
3.316582914572864194e-09,6.364134655606409297e+01
3.366834170854271409e-09,6.261917364527386098e+01
3.417085427135678210e-09,6.157020350914733342e+01
3.467336683417085425e-09,6.048982582158334509e+01
3.517587939698492226e-09,5.939266347487980369e+01
3.567839195979899441e-09,5.827595697421283205e+01
3.618090452261306243e-09,5.711481310840506609e+01
3.668341708542713458e-09,5.588712514826185895e+01
3.718592964824120673e-09,5.457615181690499639e+01
3.768844221105527887e-09,5.321058061151338592e+01
3.819095477386934275e-09,5.183424249181400256e+01
3.869346733668341490e-09,5.048082665975942973e+01
3.919597989949748705e-09,4.915127619473952336e+01
3.969849246231155920e-09,4.785654596898118740e+01
4.020100502512562308e-09,4.661117131752011744e+01
4.070351758793969523e-09,4.541949892402539035e+01
4.120603015075376738e-09,4.429119073295630216e+01
4.170854271356783953e-09,4.322797491977284778e+01
4.221105527638191168e-09,4.223045389872089572e+01
4.271356783919597556e-09,4.130098125327580760e+01
4.321608040201004771e-09,4.043489574700586786e+01
4.371859296482411986e-09,3.962289156541775981e+01
4.422110552763819200e-09,3.885116094222510696e+01
4.472361809045226415e-09,3.809858426667813092e+01
4.522613065326632803e-09,3.735116440298944696e+01
4.572864321608040018e-09,3.660446497556741008e+01
4.623115577889447233e-09,3.585522805011598280e+01
4.673366834170854448e-09,3.510091516128319000e+01
4.723618090452260836e-09,3.434060299498063529e+01
4.773869346733668051e-09,3.358076338046738130e+01
4.824120603015075266e-09,3.283024928739839510e+01
4.874371859296482481e-09,3.209582310514044678e+01
4.924623115577889696e-09,3.138195627205148597e+01
4.974874371859296084e-09,3.069180628121133481e+01
5.025125628140703299e-09,3.002457765757666763e+01
5.075376884422110513e-09,2.937726102519101445e+01
5.125628140703517728e-09,2.874698726158151274e+01
5.175879396984924116e-09,2.813103836540276959e+01
5.226130653266331331e-09,2.752682637971971502e+01
5.276381909547738546e-09,2.693246982990210725e+01
5.326633165829145761e-09,2.634550844693287530e+01
5.376884422110552976e-09,2.576335534484265466e+01
5.427135678391959364e-09,2.518436894757598665e+01
5.477386934673366579e-09,2.460801633166692426e+01
5.527638190954773794e-09,2.403634164952145724e+01
5.577889447236181009e-09,2.347572818494794689e+01
5.628140703517588224e-09,2.293298945620955820e+01
5.678391959798994612e-09,2.241459164259157788e+01
5.728643216080401826e-09,2.192477734685976998e+01
5.778894472361809041e-09,2.146511450680840483e+01
5.829145728643216256e-09,2.103787746539686765e+01
5.879396984924622644e-09,2.064396736790616771e+01
5.929648241206029859e-09,2.028300827206858159e+01
5.979899497487437074e-09,1.995371804504357272e+01
6.030150753768844289e-09,1.965420018805535207e+01
6.080402010050251504e-09,1.938183180589205179e+01
6.130653266331657892e-09,1.913214896162444845e+01
6.180904522613065107e-09,1.890076826306910718e+01
6.231155778894472322e-09,1.868401389605219620e+01
6.281407035175879537e-09,1.847925825557140200e+01
6.331658291457285925e-09,1.828477015273770689e+01
6.381909547738693139e-09,1.809909755530673436e+01
6.432160804020100354e-09,1.792097789915583661e+01
6.482412060301507569e-09,1.774928359400938405e+01
6.532663316582914784e-09,1.758297759253399661e+01
6.582914572864321172e-09,1.742108008946065212e+01
6.633165829145728387e-09,1.726285110658324129e+01
6.683417085427135602e-09,1.710785929640735503e+01
6.733668341708542817e-09,1.695559501764611099e+01
6.783919597989949205e-09,1.680545367725143890e+01
6.834170854271356420e-09,1.665675664869673867e+01
6.884422110552763635e-09,1.650879189737139541e+01
6.934673366834170850e-09,1.636135428570840844e+01
6.984924623115578065e-09,1.621478249848662045e+01
7.035175879396984452e-09,1.606943141981865963e+01
7.085427135678391667e-09,1.592564506404715630e+01
7.135678391959798882e-09,1.578375497146309314e+01
7.185929648241206097e-09,1.564407873134887517e+01
7.236180904522612485e-09,1.550691297351258591e+01
7.286432160804019700e-09,1.537238343105205196e+01
7.336683417085426915e-09,1.524044750118575742e+01
7.386934673366834130e-09,1.511107202972901042e+01
7.437185929648241345e-09,1.498424380775833775e+01
7.487437185929647733e-09,1.485997041661047646e+01
7.537688442211055775e-09,1.473828085963268641e+01
7.587939698492462163e-09,1.461922597506296206e+01
7.638190954773868551e-09,1.450287862574615083e+01
7.688442211055276593e-09,1.438933366278836523e+01
7.738693467336682980e-09,1.427870766171716177e+01
7.788944723618091023e-09,1.417113844766375230e+01
7.839195979899497410e-09,1.406688164998766766e+01
7.889447236180903798e-09,1.396649788868833220e+01
7.939698492462311840e-09,1.387052866436160947e+01
7.989949748743718228e-09,1.377942335700041809e+01
8.040201005025124616e-09,1.369354458615267767e+01
8.090452261306532658e-09,1.361317450540448526e+01
8.140703517587939046e-09,1.353852196111011708e+01
8.190954773869347088e-09,1.346973043384824997e+01
8.241206030150753476e-09,1.340688666926436490e+01
8.291457286432159864e-09,1.335002989276184415e+01
8.341708542713567906e-09,nan
8.391959798994974293e-09,nan
8.442211055276382336e-09,nan
8.492462311557788723e-09,nan
8.542713567839195111e-09,nan
8.592964824120603153e-09,nan
8.643216080402009541e-09,nan
8.693467336683417583e-09,nan
8.743718592964823971e-09,nan
8.793969849246230359e-09,nan
8.844221105527638401e-09,nan
8.894472361809044789e-09,nan
8.944723618090452831e-09,nan
8.994974874371859219e-09,nan
9.045226130653265606e-09,nan
9.095477386934673649e-09,nan
9.145728643216080036e-09,nan
9.195979899497486424e-09,nan
9.246231155778894466e-09,nan
9.296482412060300854e-09,nan
9.346733668341708896e-09,nan
9.396984924623115284e-09,nan
9.447236180904521672e-09,nan
9.497487437185929714e-09,nan
9.547738693467336102e-09,nan
9.597989949748744144e-09,nan
9.648241206030150532e-09,nan
9.698492462311556919e-09,nan
9.748743718592964962e-09,nan
9.798994974874371349e-09,nan
9.849246231155779392e-09,nan
9.899497487437185779e-09,nan
9.949748743718592167e-09,nan
1.000000000000000021e-08,nan
